{
  "templateDimensions": [
    299,
    328
  ],
  "bubbleDimensions": [
    20,
    20
  ],
  "emptyValue": "no",
  "fieldBlockGroups": {
    "DEFAULT": {
      "YesNoBlock1": {
        "fieldType": "CUSTOM",
        "bubbleValues": [
          "yes"
        ],
        "direction": "horizontal",
        "origin": [
          15,
          55
        ],
        "emptyValue": "no",
        "bubblesGap": 48,
        "labelsGap": 48,
        "fieldLabels": [
          "q1..5"
        ]
      }
    }
  },
  "preProcessors": []
}
