{
  "templateDimensions": [1240, 1754],
  "bubbleDimensions": [33, 33],
  "preProcessors": [
    {
      "name": "CropOnMarkers",
      "options": {
        "processingImageShape": [1132, 800],
        "type": "FOUR_MARKERS",
        "referenceImage": "omr_marker.jpg",
        "tuningOptions": {
          "marker_rescale_range": [80, 120]
        },
        "markerDimensions": [25, 25],

        "defaultSelector": "CENTERS",
        "topLeftMarker": {
          "origin": [20, 90],
          "dimensions": [50, 50],
          "margins": {
            "left": 15,
            "right": 15,
            "top": 40,
            "bottom": 40
          }
        },
        "topRightMarker": {
          "origin": [730,90],
          "dimensions": [40, 50],
          "margins": {
            "left": 25,
            "right": 25,
            "top": 40,
            "bottom": 40
          }
        },
        "bottomLeftMarker": {
          "origin": [25, 1045],
          "dimensions": [50, 40],
          "margins": {
            "left": 15,
            "right": 15,
            "top": 40,
            "bottom": 40
          }
        },
        "bottomRightMarker": {
          "origin": [730, 1060],
          "dimensions": [40, 30],
          "margins": {
            "left": 25,
            "right": 25,
            "top": 40,
            "bottom": 40
          }
        }
      }
    },
    {
      "name": "GaussianBlur",
      "options": {
        "kSize": [3, 3],
        "sigmaX": 0
      }
    }
  ],

  "customLabels": {
    "Booklet_No": ["b1..7"],
    "Roll_No": ["a1..10"],
    "Booklet_Code": ["c1"]
  },

  "fieldBlockGroups": {
    "DEFAULT": {
      "Roll_No": {
        "fieldType": "QTYPE_INT_FROM_1",
        "origin": [50, 55],
        "fieldLabels": ["a1..10"],
        "emptyValue": "no",
        "bubblesGap": 34.5,
        "labelsGap": 33.5
      },

      "Booklet_No": {
        "fieldType": "QTYPE_INT_FROM_1",
        "origin": [50, 538],
        "fieldLabels": ["b1..7"],
        "emptyValue": "no",
        "bubblesGap": 34.5,
        "labelsGap": 33.5
      },

      "Booklet_Code": {
        "fieldType": "CUSTOM",
        "bubbleValues": ["A", "B", "C", "D"],
        "direction": "vertical",
        "fieldLabels": ["c1"],
        "bubblesGap": 35,
        "labelsGap": 0,
        "origin": [360, 544]
      },

      "MCQBlock1a1": {
        "fieldType": "QTYPE_MCQ4",
        "fieldLabels": ["q1..35"],
        "bubblesGap": 34.9,
        "labelsGap": 34.3,
        "origin": [500, 20]
      },

      "MCQBlock1a2": {
        "fieldType": "QTYPE_MCQ4",
        "fieldLabels": ["q36..50"],
        "bubblesGap": 34.9,
        "labelsGap": 34.3,
        "origin": [500, 1240]
      },

      "MCQBlock2a1": {
        "fieldType": "QTYPE_MCQ4",
        "fieldLabels": ["q51..85"],
        "bubblesGap": 34.9,
        "labelsGap": 34.3,
        "origin": [692, 20]
      },

      "MCQBlock2a2": {
        "fieldType": "QTYPE_MCQ4",
        "fieldLabels": ["q86..100"],
        "bubblesGap": 34.9,
        "labelsGap": 34.3,
        "origin": [692, 1240]
      },

      "MCQBlock3a1": {
        "fieldType": "QTYPE_MCQ4",
        "fieldLabels": ["q101..135"],
        "bubblesGap": 34.9,
        "labelsGap": 34.3,
        "origin": [884, 20]
      },

      "MCQBlock3a2": {
        "fieldType": "QTYPE_MCQ4",
        "fieldLabels": ["q136..150"],
        "bubblesGap": 34.9,
        "labelsGap": 34.3,
        "origin": [884, 1240]
      },

      "MCQBlock4a1": {
        "fieldType": "QTYPE_MCQ4",
        "fieldLabels": ["q151..185"],
        "bubblesGap": 34.9,
        "labelsGap": 34.3,
        "origin": [1076, 20]
      },

      "MCQBlock4a2": {
        "fieldType": "QTYPE_MCQ4",
        "fieldLabels": ["q186..200"],
        "bubblesGap": 34.9,
        "labelsGap": 34.3,
        "origin": [1076, 1240]
      }
    }
  }
}