{
  "templateDimensions": [
    299,
    398
  ],
  "bubbleDimensions": [
    42,
    42
  ],
  "fieldBlockGroups": {
    "DEFAULT": {
      "MCQBlock1": {
        "fieldType": "QTYPE_MCQ5",
        "origin": [
          65,
          79
        ],
        "bubblesGap": 43,
        "labelsGap": 50,
        "fieldLabels": [
          "q1..6"
        ]
      }
    }
  },
  "preProcessors": [
    {
      "name": "CropPage",
      "options": {
        "morphKernel": [
          10,
          10
        ]
      }
    }
  ]
}
