{
  "templateDimensions": [
    1200,
    1500
  ],
  "bubbleDimensions": [
    30,
    30
  ],
  "preProcessors": [
    {
      "name": "GaussianBlur",
      "options": {
        "kSize": [
          3,
          3
        ],
        "sigmaX": 0
      }
    },
    {
      "name": "CropPage",
      "options": {
        "morphKernel": [
          10,
          10
        ]
      }
    }
  ],
  "fieldBlockGroups": {
    "DEFAULT": {
      "MCQBlock1": {
        "fieldType": "QTYPE_MCQ4",
        "origin": [
          138,
          605
        ],
        "fieldLabels": [
          "q1..11"
        ],
        "bubblesGap": 79,
        "labelsGap": 55
      }
    }
  }
}
